Category,Subcategory,Description,Tokenized_category_keywords_total,Tokenized_category_keywords_contextual,Tokenized_subcategory_keywords_total,Tokenized_subcategory_keywords_context,rules_below_10,rules_10_13,rules_13_16,rules_16_18,Schema,Dataset_Links,NLP,Vision_AI,Audio,GCP_Best_Models,GCP_Model_Links,Best_CoreML_Filter_Model,CoreML_Usage_Guidel ines_And_Links
1. Violence & Disturbing Content,Graphic Violence,"EDGE CASES: Distinguish between horror movie clips (allow 16+), documentary war footage (gate 13+), and user-generated violence (block all). Medical procedures with blood in educational context are NOT graphic violence. News reporting of violence is handled under 'Fear-Based News Content'. PROMPT: Classify content showing visible blood, severe injury, or bodily harm. Consider: Is this documentary/educational? Is there narrative framing? Is violence the focus or background?","violence, graphic, blood, gore, injury, death, assault, attack, brutal, mutilation, dismemberment, torture, maiming, stabbing, shooting, execution, massacre, carnage","violent content, graphic injury, extreme violence, deadly assault, torture scene, mass casualty event, execution video, brutal attack","gore, blood, brutal, mutilation, dismemberment, torture, graphic injury, deadly violence, severed limb, open wound, visible entrails, decapitation, beheading, impalement, viscera, corpse, dead body","graphic violence scene, extreme gore footage, brutal assault video, visible blood and injury, torture content, severe physical trauma, explicit injury detail, anatomical violence, mutilation imagery, death scene",Block,Block,Block,Gate,"{""overall_safety_score"":0}",https://kaggle.com/datasets/mohamedmustafa/real-life-violence-situations-dataset,"Detect graphic violence with visible blood, gore, detailed injury, torture, death. Distinguish documentary war footage (educational context) from user-generated street violence. Medical procedures in clinical settings are NOT violence. Block all minors <18 for graphic gore, gate 13-16 for documentary violence with educational framing.","Detect blood, open wounds, severe injuries, weapons with blood, torture scenes, dead bodies, decapitation, dismemberment. Look for clinical/documentary context markers: news logos, educational captions, medical diagrams vs raw violence. Apply strictest gating for user-generated violence.","Detect screaming, descriptions of graphic violence, gore, torture, sounds of impact, gunshots with injury sounds, victim cries. Distinguish clinical medical narration from violence glorification.",GCP Video Intelligence API,https://cloud.google.com/video-intelligence/docs,MobileNetV2/YOLO CoreML for violence detection,"Use lightweight object-detection CoreML model; classify 'person+weapon+blood' as high-risk. Add contextual layer for 'news_logo', 'educational_caption', 'documentary_marker' to lower score. Apply 8-bit quantization using coremltools to keep size <20MB."
1. Violence & Disturbing Content,Physical Altercation,"EDGE CASES: Supervised boxing/MMA in gym settings with visible equipment (gate 10+). Schoolyard shoving without punches (gate 13+). Bar fights, street fights, unsupervised combat (block <13). Choreographed movie fight scenes (allow 13+). PROMPT: Classify physical conflicts. Consider: Is there supervision/structure? Is this recreational or hostile? Are weapons present?","fight, punch, chase, threat, combat, assault, street fight, brawl, altercation, scuffle, confrontation, attack, physical conflict, aggression, hostile encounter","street fight video, schoolyard fight, bar brawl, unsupervised violence, physical confrontation, hostile encounter","fight, punch, chase, threat, combat, assault, street fight, brawl, shove, push, slap, kick, grapple, tackle, physical confrontation, fistfight, altercation, unsupervised fight, parking lot fight","street fight video, schoolyard physical fight, bar brawl footage, unsupervised violence, public altercation, physical confrontation, hostile encounter, assault video, parking lot fight",Block,Gate,Gate,Allow,"{""overall_safety_score"":0}",https://kaggle.com/datasets/mohamedmustafa/real-life-violence-situations-dataset,"Classify non-graphic violence: fights, chases, physical conflicts, threats with no detailed gore. Distinguish organized sports (gym, referee present) from street/unsupervised violence. Schoolyard shoving without punches gates at 13+, street fights block <13.","Detect fights, punches, kicks, weapons shown without blood, police chases, non-gory accidents. Look for context: gym equipment, referee, ring/mat, sports uniforms vs street/parking lot/school hallway with no supervision.","Detect talk of fighting, threats, violent roleplay, aggressive yelling, sounds of physical impact without screaming. Distinguish sports commentary from hostile confrontation.",GCP Video Intelligence API,https://cloud.google.com/video-intelligence/docs,MobileNetV2/EfficientNet-lite CoreML for fight/chase/weapon scenes,"Sample 1-3 frames from start and middle of clips; run small MobileNet/EfficientNet-lite CoreML classifier trained on violence datasets. Add context detection for 'gym', 'referee', 'ring', 'mat' to lower risk score vs 'street', 'parking', 'hallway' to increase risk."
1. Violence & Disturbing Content,Organized Combat Sports,"EDGE CASES: Professional UFC/boxing with blood (gate 13+). Amateur gym sparring (allow all). Wrestling entertainment without blood (allow 10+). Street fight claimed as 'sparring' with no equipment (block, reclassify as Physical Altercation). PROMPT: Classify combat sports. Required markers: referee, ring/mat, arena, scoreboard, or sports commentary.","WWE, boxing, MMA, wrestling, fighting, contact sport, martial arts, UFC, combat sport, kickboxing, jiu-jitsu, judo, taekwondo, karate, sparring, grappling, submission","sports arena, referee present, organized match, championship bout, ring fight, professional combat sports, martial arts competition","WWE, boxing, MMA, wrestling, fighting, contact sport, martial arts, UFC, combat sport, kickboxing, jiu-jitsu, judo, taekwondo, karate, sparring, grappling, submission, cage fighting, professional fighting, championship match, organized bout","sports arena, referee present, organized match, championship bout, ring fight, professional combat sports event, martial arts tournament, cage fight, octagon, boxing ring, wrestling mat",Block,Gate,Allow,Allow,"{""overall_safety_score"":0}",https://kaggle.com/datasets/toluwaniaremu/smartcity-cctv-violence-detection-dataset-scvd,"Classify organized combat sports: wrestling, boxing, MMA. MUST have markers: ring, mat, referee, uniforms, scoreboard, arena, sports commentary. Distinguish from street violence. Professional combat with blood gates at 13+, amateur gym sparring allows all ages.","Detect rings, mats, referees, uniforms, scoreboards, arena seating, cage/octagon structure to recognize organized sports vs street fights. Look for sports branding, event signage, professional lighting.","From commentary and crowd sounds, recognize organized sports environment: referee calls, bell sounds, sports announcer style vs real assault with panic/screaming.",GCP Video Intelligence API,https://cloud.google.com/video-intelligence/docs,Sports-vs-street-fight CoreML classifier (MobileNet backbone),"Train or fine-tune tiny MobileNet CoreML model to distinguish 'arena+referee+ring' vs 'street fight'. Use multi-class: 'professional_combat', 'amateur_sparring', 'street_violence'."
1. Violence & Disturbing Content,Horror & Disturbing Media,"EDGE CASES: Cartoon horror for kids (Goosebumps-style, allow 10+). Psychological horror with jump scares (gate 13+). Gore-heavy horror (gate 16+). Paranormal investigation content without gore (gate 13+). Creepypasta text stories (gate 13+). PROMPT: Classify horror content. Consider: Gore level? Jump scare intensity? Psychological vs visceral? Age-appropriate framing?","horror, scary, creepy, paranormal, ghost, monster, jumpscare, haunted, creepypasta, supernatural, demon, possessed, evil, dark, disturbing, nightmare, terror, fear, macabre, grotesque","dark atmosphere, jump scare, scary story, haunted house, paranormal activity, horror thumbnail, creepy video","horror, scary, creepy, paranormal, ghost, monster, jumpscare, haunted, creepypasta, supernatural, demon, possessed, evil, dark, disturbing, nightmare, terror, fear, macabre, grotesque, sinister, eerie, spine-chilling, psychological horror, found footage, scare prank, paranormal investigation","dark atmosphere, jump scare video, scary story narration, haunted house content, paranormal activity footage, horror thumbnail, creepy video, found footage horror, scare prank video, ghost investigation, psychological horror content, disturbing imagery",Block,Gate,Gate,Allow,"{""overall_safety_score"":0}",https://dataloop.ai/library/model/denisnovac_nsfw_image_detection,"Classify horror content, paranormal stories, creepypasta, jump scares, and disturbing psychological content. Cartoon horror (Goosebumps-style) allows 10+, psychological horror gates 13+, gore-heavy horror gates 16+. Consider explicit gore vs atmospheric horror.","Detect horror cues: dark scenes, monsters, ghosts, distorted faces, sudden close-ups, eerie environments, possessed individuals. Distinguish cartoon/kid-friendly horror from visceral/psychological horror. Look for gore vs atmosphere.","Detect scary sound design, screams, whispers, horror narration, paranormal stories, jump scare audio stings, creepy music, heavy breathing, demon voices. Assess intensity level.",GCP Natural Language API,https://cloud.google.com/vision/docs,Small image classifier for horror thumbnail detection,"Run compact CoreML thumbnail classifier that detects horror cues jointly with text model's 'horror/jumpscare' score. Multi-class: 'cartoon_horror', 'atmospheric_horror', 'psychological_horror', 'gore_horror'."
1. Violence & Disturbing Content,Fear-Based News Content,"NEW CATEGORY. EDGE CASES: Single breaking news report of disaster (allow all with gate 13+ for graphic footage). Repetitive fear-amplifying coverage of same event across multiple videos (gate 13+, flag pattern). Disaster footage with survival/rescue framing (allow 13+). Raw disaster footage without context, looped/repeated (block <13). PROMPT: Classify news content emphasizing fear. Consider: Repetition? Sensationalized language? Survival framing vs raw fear? Graphic imagery?","crime, news, police, arrest, shooting, robbery, breaking news, incident, disaster, war, terrorism, tragedy, accident, emergency, crisis, catastrophe, victim, fatality, threat, danger, warning, alert","crime scene, news report, police briefing, incident coverage, breaking news story, disaster footage, war coverage, terrorist attack, emergency situation","crime, news, police, arrest, shooting, robbery, breaking news, incident, disaster, war, terrorism, tragedy, accident, emergency, crisis, catastrophe, victim, fatality, threat, danger, warning, alert, bomb, explosion, fire, flood, earthquake, hurricane, pandemic, death toll, mass shooting, active shooter, war zone, conflict footage, terror threat, emergency broadcast","crime scene footage, news disaster report, police briefing, incident coverage, breaking news story, repetitive disaster coverage, war footage, terrorist attack news, emergency broadcast, mass casualty report, fear-amplifying news, sensationalized disaster, crisis coverage, repeated trauma footage, graphic news imagery",Block,Gate,Gate,Allow,"{""overall_safety_score"":0}",,"Classify crime and news reporting (robbery, shootings, arrests, disasters, war, terrorism). Distinguish neutral single-incident reporting (allow with age gate) from repetitive fear-amplifying coverage of same event. Flag pattern: same disaster/attack shown 3+ times in feed (algorithmic escalation). Survival/rescue framing lowers risk; raw trauma footage increases risk.","Detect news studio layouts, lower-third banners, reporters on scene, police cars, crime scenes, disaster wreckage, war zones, emergency vehicles. Distinguish single incident report from repetitive trauma montage. Look for graphic victim imagery vs contextual reporting.","From transcripts, detect newsreader style, police briefings, disaster descriptions, casualty counts, fear-amplifying language ('unprecedented', 'worst ever', 'apocalyptic'), survival stories vs raw trauma narration.",GCP Natural Language API,https://cloud.google.com/vision/docs,Generic MobileNetV2 CoreML scene classifier + text sentiment model,"Use NLP to detect fear-amplification markers: repetition, sensationalized adjectives, extreme language. Vision model detects news UI vs raw disaster footage. Flag if same event detected 3+ times in recent history (behavioral pattern)."
2. Explicit & Body-Related Content,Explicit Sexual Content,"EDGE CASES: Artistic nudity in museum/art history context (gate 13+). Breastfeeding content (allow all). Medical genital imagery in health education (gate 13+). Pornography, escort services, cam shows (block all). Sexually explicit hentai/drawn content (block all). PROMPT: Classify explicit sexual content. Consider: Is this educational/medical/artistic? Is there sexual context? Visible genitals? Sexual acts?","explicit, sexual, nudity, pornography, adult content, XXX, escort, cam show, prostitution, sex work, erotic, intercourse, genitals, breasts, sexual acts, orgasm, penetration, masturbation","pornographic, explicit sexual, adult website, escort service, cam show, sexual content, porn site","porn, sex, nude, naked, explicit, XXX, adult, pornography, genitals, intercourse, penetration, sex act, masturbation, orgasm, ejaculation, oral sex, anal sex, sexual intercourse, erotic content, sexual activity, cam show, escort, prostitution, brothel, red light, sex worker, adult film, porn site, XXX content, hentai, rule 34","pornography site, adult website, explicit sexual content, XXX video, porn site, sexual acts footage, escort service, cam show, prostitution advertisement, adult entertainment, sexual intercourse video, explicit hentai, sexually explicit animation, porn thumbnail, adult content site",Block,Block,Block,Block,"{""overall_safety_score"":0}",https://dataloop.ai/library/model/denisnovac_nsfw_image_detection,"Aggressively detect pornography, explicit sexual content, porn site UIs, escort services, cam shows, sexual acts. Distinguish from artistic nudity in museum/art context (gate 13+), medical genital imagery in health ed (gate 13+), breastfeeding (allow all). Block all explicit sexual acts, visible genitals in sexual context, porn, hentai.","Detect nudity, visible genitals, breasts in sexual context, explicit sex acts, simulated sex, porn thumbnails, cam show interfaces, escort ads. Distinguish medical diagrams, classical art, breastfeeding from pornography. Look for porn UI elements: XXX logos, adult site branding, porn categories.","Detect explicit sexual speech, porn scripts, moaning, dirty talk, sex instructions, orgasm sounds, sexual acts narration. Distinguish medical/educational tone from sexual content.",GCP Vision API,https://cloud.google.com/vision/docs,NSFWDetector CoreML nudity model,"Use NSFWDetector (~17kB CoreML model) to score thumbnails and hero images. Add context layer: if nudity=high AND (art_context OR medical_context OR breastfeeding_detected) then lower risk score, else block."
2. Explicit & Body-Related Content,Suggestive Content,"NEW NAME (was 'Inappropriate clothing or speech'). EDGE CASES: Swimsuit content at beach/pool (allow all). Fashion runway lingerie (gate 13+). Sexually suggestive posing in lingerie/revealing attire (gate 16+). Twerking/sexually suggestive dance with revealing clothing (gate 16+). Fitness content in sports bra/shorts (allow all). PROMPT: Classify sexually suggestive content. Consider: Context (beach, gym, runway vs bedroom)? Body positioning? Camera angles? Sexualized movement?","revealing, suggestive, sexy, provocative, seductive, lingerie, underwear, bikini, cleavage, suggestive pose, sexual innuendo, flirtatious, alluring, sensual, titillating","revealing clothing, sexually suggestive, provocative outfit, sexual innuendo, suggestive behavior","revealing, suggestive, sexy, provocative, seductive, lingerie, underwear, bikini, cleavage, suggestive pose, sexual innuendo, flirtatious, alluring, sensual, titillating, low-cut, tight-fitting, sheer, see-through, bedroom, boudoir, seductive posing, sexually suggestive dance, twerking, grinding, body emphasis, sexual framing, intimate apparel, revealing outfit, skimpy clothing","revealing clothing video, sexually suggestive content, provocative outfit, sexual innuendo, suggestive behavior, lingerie modeling, bedroom posing, seductive dance, twerking video, sexually framed fitness, intimate apparel content, revealing beach content, suggestive camera angles, body-focused content",Block,Block,Gate,Gate,"{""overall_safety_score"":0}",https://dataloop.ai/library/model/denisnovac_nsfw_image_detection,"Classify sexually suggestive content: revealing clothing, suggestive posing, sexually suggestive dance. Context matters: beach/pool swimsuits (allow all), gym fitness wear (allow all), fashion runway lingerie (gate 13+), bedroom/boudoir lingerie with suggestive posing (gate 16+). Camera angles and body positioning matter: neutral framing vs sexual emphasis.","Detect revealing clothing, lingerie, bikinis, low-cut tops, sheer clothing. Analyze context: beach, pool, gym, runway vs bedroom, boudoir. Assess posing: neutral vs sexually suggestive. Camera angles: full-body neutral vs close-up sexual framing. Look for sexually suggestive movement: twerking, grinding, seductive dance.","Detect sexually suggestive speech, flirtatious dialogue, sexual innuendo, seduction, double entendres. Audio alone may indicate sexually suggestive content even without visuals. Distinguish casual flirting from explicit sexual talk.",GCP Vision API,https://cloud.google.com/vision/docs,NSFWDetector CoreML + pose estimation for context,"Use NSFWDetector for clothing/nudity detection. Add pose estimation layer to detect suggestive positioning. Context classifier: beach/pool/gym vs bedroom/boudoir. Camera angle analyzer: neutral vs sexualized framing. Combine signals for risk score."
2. Explicit & Body-Related Content,Sexual Health Education,"EDGE CASES: Clinical anatomy diagrams (gate 10+). Puberty education videos (gate 10+). Contraception/STI education (gate 13+). Sex education with explicit language but educational framing (gate 13+). PROMPT: Classify sexual health education. Required markers: educational framing, clinical language, health/medical context, teaching intent. Distinguish from pornography or erotica.","sex education, reproduction, puberty, contraception, health class, anatomy, reproductive health, STI, STD, sexual health, consent, menstruation, periods, ovulation, fertility, pregnancy, childbirth, safe sex","health class, sex ed, reproductive health, medical diagram, educational video, puberty education","sex education, reproduction, puberty, contraception, health class, anatomy, reproductive health, STI, STD, sexual health, consent, menstruation, periods, ovulation, fertility, pregnancy, childbirth, safe sex, condom, birth control, sexual wellness, reproductive organs, sex ed, health educator, clinical anatomy, medical education, adolescent health, puberty changes","health class content, sex education video, reproductive health education, medical anatomy diagram, educational video on puberty, clinical sex ed, contraception education, STI prevention, safe sex education, reproductive health class, puberty explanation, menstrual health education, adolescent sexual health",Block,Gate,Gate,Gate/Allow,"{""overall_safety_score"":0}",https://github.com/PRITHIVSAKTHIUR/nsfw-image-detection,"Detect sex education, medical and reproductive health content versus porn or erotica. Required markers: educational framing (classroom, teacher, doctor), clinical language, medical diagrams, health context. Gates: puberty basics (10+), contraception/STI (13+), explicit language in educational context (13+). Distinguish from pornography by context, language, and intent.","Differentiate medical diagrams, classroom slides, clinic illustrations, anatomy charts from pornographic photos. Look for educational markers: text overlays, teacher/doctor presenter, classroom setting, medical clinic, diagrams vs photographs, clinical anatomy vs sexual imagery.","Detect educational tone: doctors, teachers, health educators explaining puberty, consent, contraception, STI prevention. Clinical language vs sexual language. Teaching cadence vs sexual narration.",GCP Natural Language API,https://cloud.google.com/natural-language/docs,Reuse NSFW nudity model with higher threshold + context classifier,"Use same NSFW nudity detector as porn but change decision rule: if NSFW=true AND text_context='educational/health/clinical' AND visual_context='classroom/medical/diagram' then classify as 'sex-ed' not 'porn'. Multi-signal approach."
2. Explicit & Body-Related Content,Mature Fictional Content,"EDGE CASES: Young adult romance novels with mild sexual content (gate 13+). Erotic fanfiction with explicit sexual content (gate 16+ or block <16). Romantic roleplay audio with sexual themes (gate 16+). BDSM/kink educational content (gate 16+). PROMPT: Classify fictional sexual/romantic content. Consider: Explicitness level? Fictional vs real? Educational vs entertainment? Kink/BDSM context?","fanfiction, romance, erotic, BDSM, kink, mature, roleplay, adult fiction, smut, erotica, romantic fiction, adult romance, sexual fantasy, consensual kink","erotic story, adult fanfic, mature fiction, roleplay scenario, BDSM content, romantic fiction","fanfiction, romance, erotic, BDSM, kink, mature, roleplay, adult fiction, smut, erotica, romantic fiction, adult romance, sexual fantasy, consensual kink, dom, sub, master, slave, bondage, discipline, sadism, masochism, erotic literature, adult roleplay, sexual scenario, explicit fanfic, mature themes, age-restricted fiction, romantic erotica","erotic story, adult fanfiction, mature fiction, roleplay scenario, BDSM content, romantic fiction, explicit fanfic, adult roleplay audio, sexual fantasy content, kink educational content, consensual BDSM, erotic literature, sexually explicit fiction, mature romance",Block,Block,Gate,Gate,"{""overall_safety_score"":0}",https://dataloop.ai/library/model/denisnovac_nsfw_image_detection,"Classify fanfiction, roleplay, and fictional scenarios with romance, erotic scenes, or BDSM/kink. Young adult romance with mild sexual content gates 13+, explicit erotic content gates 16+. Distinguish educational BDSM content from entertainment. Fiction context lowers risk vs real sexual content.","For cover art or illustrations, detect suggestive poses, partial nudity, fetish outfits, BDSM imagery, romantic illustrations. Distinguish erotic art from pornography by fictional context and art style.","Detect audio roleplay, fanfiction readings with explicit sexual dialogue, heavy romantic themes, BDSM scenarios. Assess explicitness level. Distinguish narration (fictional framing) from real sexual acts.",GCP Natural Language API,https://cloud.google.com/natural-language/docs,Text-only; no strong CoreML vision model required → NA,"Rely on on-device text classifier (CoreML BERT or similar) for 'erotic vs mild romance' with labels: 'YA_romance', 'explicit_erotica', 'BDSM_educational', 'adult_fiction'."
2. Explicit & Body-Related Content,Sexualized Audio Content,"NEW CATEGORY. EDGE CASES: ASMR with eating/tapping sounds (allow all). ASMR with whispering suggestive phrases (gate 16+). Moaning audio without explicit sex talk (gate 16+). Audio porn with explicit sexual narration (block all). Sexual audio roleplay (gate 16+ or block). PROMPT: Classify sexualized audio without visual nudity. Consider: Moaning? Sexual phrases? Coded sexual language? Suggestive ASMR? Intent to arouse?","ASMR, moaning, sexual audio, breathy, whisper, intimate sounds, suggestive audio, sexual sounds, orgasm sounds, erotic audio, audio porn, sexual roleplay, dirty talk audio, moaning audio, sexual breathing","ASMR sexual content, moaning audio, sexual audio content, erotic audio, audio porn","ASMR, moaning, sexual audio, breathy, whisper, intimate sounds, suggestive audio, sexual sounds, orgasm sounds, erotic audio, audio porn, sexual roleplay, dirty talk audio, moaning audio, sexual breathing, sexual whispers, coded sexual language, arousal sounds, sensual audio, sexual innuendo audio, erotic narration, sex sounds, sexually suggestive ASMR, intimate audio, seductive voice, sexual vocalization","ASMR sexual content, moaning audio, sexual audio content, erotic audio, audio porn, sexual roleplay audio, dirty talk audio, suggestive ASMR, sexually coded audio, arousal audio, sensual breathing, sexual sounds content, intimate audio content, seductive audio narration",Block,Block,Gate,Gate,"{""overall_safety_score"":0}",,"Classify sexualized audio content without explicit visual nudity: moaning, sexual breathing, coded sexual language, suggestive ASMR, erotic narration. Vision-only models miss this entirely. Non-sexual ASMR (eating, tapping) allows all. Suggestive ASMR/moaning gates 16+. Explicit audio porn blocks all. Key: audio intent to arouse even without visual content.","Not applicable - audio-only detection. Vision may show neutral thumbnail while audio is sexual. Do not rely on visuals.","Detect moaning, sexual breathing, orgasm sounds, dirty talk, sexual phrases, coded sexual language, suggestive whispers, erotic narration, sexual roleplay dialogue. Distinguish neutral ASMR (eating, tapping) from sexually suggestive ASMR. Assess intent to arouse.",GCP Speech-to-Text + Audio Classification,https://cloud.google.com/speech-to-text/docs,Audio-only CoreML classifier for sexual audio detection,"Train lightweight audio CoreML classifier with labels: 'neutral_ASMR', 'suggestive_ASMR', 'sexual_moaning', 'audio_porn', 'sexual_roleplay'. Use mel-spectrogram features to detect moaning patterns, breathing rhythms, sexual vocalizations."
3. Substances & Risky Behaviors,Drug Use & Promotion,"EDGE CASES: Harm reduction education (gate 13+). Documentary on drug crisis (gate 13+). Drug use glorification or tutorial (block <16). Cannabis in legal states shown casually (gate 16+). Hard drug use shown (block <16). PROMPT: Classify drug-related content. Consider: Educational vs promotional? Harm reduction vs glorification? Legal vs illegal substances? Tutorial vs documentary?","drugs, marijuana, cannabis, cocaine, heroin, meth, substance, pill, weed, smoking, vaping, injection, narcotics, high, trip, psychedelic, opioid, overdose, addiction, dealer, drug deal","drug use, substance abuse, drug tutorial, harm reduction, drug education, addiction content","drugs, marijuana, cannabis, cocaine, heroin, meth, methamphetamine, substance, pill, weed, smoking, vaping, injection, narcotics, high, trip, tripping, psychedelic, opioid, fentanyl, overdose, addiction, dealer, drug deal, crack, ecstasy, MDMA, LSD, mushrooms, ketamine, prescription abuse, illicit drugs, recreational drugs, drug culture, substance abuse, drug paraphernalia, bong, pipe, syringe, needle, drug tutorial, how to use drugs","drug use video, substance abuse content, drug tutorial, harm reduction education, drug documentary, addiction content, recreational drug use, drug dealing, drug culture content, psychedelic trip report, drug paraphernalia, cannabis use, hard drug use, opioid content, drug glorification",Block,Block,Gate,Gate,"{""overall_safety_score"":0}",,"Classify drug-related content. Harm reduction education and documentaries gate 13+. Casual cannabis use in legal contexts gates 16+. Drug use glorification, tutorials, hard drug use block <16. Distinguish educational harm reduction from promotional content.","Detect drug paraphernalia (bongs, pipes, syringes, pills, powder), drug use actions (smoking, injecting, snorting), drug culture symbols. Distinguish clinical/educational settings from recreational/promotional contexts. Look for harm reduction messaging vs glorification.","Detect drug names, slang, usage instructions, trip reports, glorification language, harm reduction advice, addiction stories. Distinguish educational tone from promotional/glorification.",GCP Vision API,https://cloud.google.com/vision/docs,Drug paraphernalia + context CoreML classifier,"Train CoreML classifier to detect drug items and assess context: clinical/educational vs recreational/promotional. Multi-class: 'harm_reduction_education', 'documentary', 'casual_use', 'glorification', 'tutorial'."
3. Substances & Risky Behaviors,Alcohol Content,"EDGE CASES: Casual adult drinking at dinner/party (allow 16+). Alcohol education/responsible drinking PSA (gate 13+). Binge drinking, drunk behavior, alcohol challenges (gate 16+). Underage drinking shown (block <16). PROMPT: Classify alcohol-related content. Consider: Responsible vs irresponsible use? Educational? Underage drinking? Binge/challenge content?","alcohol, beer, wine, liquor, drinking, drunk, intoxicated, party, bar, cocktail, shot, binge drinking, alcoholism, underage drinking, DUI, alcohol abuse, hangover","drinking video, alcohol content, party drinking, drunk behavior, alcohol education","alcohol, beer, wine, liquor, vodka, whiskey, rum, tequila, champagne, drinking, drunk, intoxicated, wasted, hammered, party, bar, pub, nightclub, cocktail, shot, binge drinking, alcoholism, underage drinking, DUI, DWI, alcohol abuse, hangover, drinking game, alcohol challenge, responsible drinking, sober, designated driver, alcohol poisoning, drink spiking","drinking video, alcohol content, party drinking, drunk behavior, alcohol education, responsible drinking PSA, binge drinking video, underage drinking, drunk driving content, alcohol challenge, drinking game, intoxication video, bar scene, nightclub drinking, alcohol abuse content",Block,Gate,Gate,Allow,"{""overall_safety_score"":0}",,"Classify alcohol-related content. Responsible adult drinking gates 16+. Alcohol education gates 13+. Binge drinking, drunk behavior, alcohol challenges gate 16+. Underage drinking blocks <16. Distinguish responsible use from abuse/glorification.","Detect alcohol bottles, glasses, bars, parties, drunk behavior, stumbling, vomiting. Assess context: casual adult setting vs underage party vs binge drinking challenge. Look for responsible drinking markers vs glorification.","Detect drunk speech, alcohol talk, drinking game instructions, responsible drinking messages, alcohol challenge narration, intoxication sounds (slurring, stumbling). Assess tone: educational vs glorification.",GCP Vision API,https://cloud.google.com/vision/docs,Alcohol detection + context CoreML classifier,"Train CoreML classifier to detect alcohol items and assess context: responsible adult use vs underage vs binge drinking. Multi-class: 'responsible_adult', 'educational', 'binge_drinking', 'underage', 'drunk_behavior'."
3. Substances & Risky Behaviors,Gambling & Financial Risk,"EDGE CASES: Stock market investing education (allow all). Casino games tutorial (gate 13+). Poker/rummy monetized gambling (gate 16+). Sports betting, slot machines, chance-based gambling (gate 16+). PROMPT: Classify gambling/financial risk content. Consider: Educational vs participatory? Skill vs chance-based? Monetized?","gambling, casino, betting, poker, slots, lottery, wager, sports betting, online gambling, roulette, blackjack, dice, card games, jackpot, winnings, gambling addiction, crypto gambling","gambling content, casino games, sports betting, online gambling, poker video, lottery, gambling tutorial","gambling, casino, betting, poker, rummy, slots, slot machine, lottery, wager, sports betting, online gambling, roulette, blackjack, craps, dice, card games, jackpot, winnings, gambling addiction, crypto gambling, NFT gambling, loot boxes, gacha, skin gambling, betting apps, gambling site, fantasy sports, daily fantasy, scratch cards, horse racing, dog racing, casino streaming, gambling wins","gambling content, casino games, sports betting video, online gambling tutorial, poker gameplay, lottery content, gambling stream, casino slot machines, betting app, monetized gambling, chance-based gambling, gambling addiction content, crypto casino, NFT gambling, loot box opening, gacha gameplay",Block,Block,Gate,Allow,"{""overall_safety_score"":0}",,"Classify gambling and financial risk content. Stock market education allows all. Casino game tutorials gate 13+. Monetized gambling (poker, rummy, sports betting, slots, crypto) gates 16+. Distinguish educational investing from chance-based gambling.","Detect casino environments, slot machines, poker tables, betting apps, gambling sites, dice, cards, chips, roulette wheels. Distinguish educational context from participatory gambling. Look for monetization markers: real money, betting apps, gambling site UIs.","Detect gambling talk, betting language, odds discussion, winnings talk, gambling addiction stories, casino commentary, betting instructions. Distinguish investing education from gambling content.",GCP Vision API,https://cloud.google.com/vision/docs,Gambling content + context CoreML classifier,"Train CoreML classifier to detect gambling visuals and assess context: educational vs participatory, skill vs chance-based, monetized vs non-monetized. Multi-class: 'investing_education', 'game_tutorial', 'monetized_gambling', 'chance_gambling'."
3. Substances & Risky Behaviors,Dangerous Challenges & Stunts,"EDGE CASES: Professional stunts with safety gear (gate 13+). Parkour/skateboarding without extreme risk (gate 10+). Viral dangerous challenges (Tide Pod, choking game) (block <16). Extreme stunts without safety gear (gate 16+). PROMPT: Classify dangerous physical challenges. Consider: Safety equipment? Professional vs amateur? Copyable by kids? Risk level?","challenge, stunt, dare, prank, dangerous, risky, extreme, Tide Pod, fire challenge, choking game, extreme sport, parkour, skateboarding, BMX, daredevil, risk-taking, injury risk, viral challenge","dangerous challenge, risky stunt, viral dare, extreme sport, injury risk content, prank gone wrong","challenge, stunt, dare, prank, dangerous, risky, extreme, Tide Pod challenge, fire challenge, choking game, blackout challenge, salt and ice challenge, extreme sport, parkour, skateboarding, BMX, base jumping, cliff diving, daredevil, risk-taking, injury risk, viral challenge, dangerous dare, life-threatening stunt, reckless behavior, unsafe prank, copycat challenge, dangerous trend, risky behavior, thrill-seeking, extreme parkour","dangerous challenge video, risky stunt content, viral dangerous dare, extreme sport footage, injury risk challenge, prank gone wrong, Tide Pod challenge, choking game, dangerous viral trend, unsafe challenge, copycat risk content, reckless stunt, life-threatening dare, extreme parkour without safety, dangerous behavior video",Block,Block,Gate,Gate,"{""overall_safety_score"":0}",,"Classify dangerous physical challenges and stunts. Professional stunts with safety gear gate 13+. Parkour/skateboarding without extreme risk gate 10+. Viral dangerous challenges (Tide Pod, choking game) block <16. Extreme stunts without safety gear gate 16+. Assess copyability risk for young audiences.","Detect dangerous actions, extreme sports, stunts, parkour, challenges without safety equipment. Look for professional context: safety gear, supervision, controlled environment vs amateur/home setting. Identify viral challenge markers: specific challenge names, copycat behavior.","Detect challenge instructions, dare language, stunt narration, injury sounds, risk acknowledgment, safety warnings. Distinguish professional commentary from amateur risk-taking glorification.",GCP Video Intelligence API,https://cloud.google.com/video-intelligence/docs,Action recognition + risk assessment CoreML model,"Train CoreML action recognition model to detect dangerous actions and assess risk level based on context: professional/safety gear vs amateur/no safety. Multi-class: 'professional_stunt', 'parkour', 'viral_danger_challenge', 'extreme_no_safety'."
4. Commercial & Deceptive Content,Scams & Fraud,"EDGE CASES: Business opportunity discussion (allow all). 'Get rich quick' schemes, pyramid schemes (gate 13+). Obvious scams, phishing, fake giveaways (block <13, gate 13-16). Financial literacy education about scams (allow all). PROMPT: Classify scams and fraudulent content. Consider: Educational warning vs promotion? Too good to be true claims? Urgency/pressure tactics?","scam, fraud, phishing, fake, pyramid scheme, Ponzi, MLM, get rich quick, money making scheme, investment fraud, cryptocurrency scam, Nigerian prince, fake giveaway, lottery scam, advance fee fraud, romance scam, tech support scam","scam content, fraud scheme, phishing attempt, pyramid scheme, fake giveaway, investment fraud, MLM promotion","scam, fraud, phishing, fake, pyramid scheme, Ponzi scheme, MLM, multi-level marketing, get rich quick, money making scheme, investment fraud, cryptocurrency scam, NFT scam, rug pull, pump and dump, Nigerian prince, fake giveaway, lottery scam, advance fee fraud, romance scam, catfish, tech support scam, IRS scam, tax scam, wire fraud, identity theft, credit card fraud, fake invoice, business opportunity scam, work from home scam","scam content, fraud scheme, phishing attempt, pyramid scheme promotion, fake giveaway post, investment fraud scheme, cryptocurrency scam, MLM recruitment, get rich quick video, Ponzi scheme, romance scam content, tech support scam, fake lottery, advance fee fraud, wire fraud scheme, identity theft tutorial, credit card scam",Block,Gate,Gate,Allow,"{""overall_safety_score"":0}",,"Classify scams, fraud, phishing, and deceptive schemes. Financial literacy education about scams allows all. Business opportunities discussion allows all. 'Get rich quick' schemes, pyramid schemes gate 13+. Obvious scams, phishing, fake giveaways block <13. Look for urgency tactics, too-good-to-be-true claims, pressure to act fast.","Detect scam visual markers: fake logos, urgency graphics ('Act Now!', 'Limited Time!'), fake checks, wire transfer forms, pyramid diagrams, cryptocurrency wallet addresses, fake giveaway graphics, phishing site UIs, MLM recruitment materials.","Detect scam language: urgency ('act now', 'limited time'), too-good-to-be-true claims ('make $10k/day'), fake authority ('IRS calling'), pressure tactics, romance scam dialogue, tech support scam scripts, phishing instructions.",GCP Natural Language API,https://cloud.google.com/natural-language/docs,Text-based scam detection CoreML classifier,"Train CoreML text classifier to detect scam language patterns: urgency, exaggerated claims, fake authority, pressure tactics. Multi-class: 'educational_warning', 'business_opportunity', 'pyramid_scheme', 'obvious_scam'."
4. Commercial & Deceptive Content,Misleading Product Claims,"EDGE CASES: Product reviews (allow all). Exaggerated marketing claims (gate 13+). False health claims, miracle cures (gate 13+). Fake before/after, fraudulent testimonials (gate 16+). PROMPT: Classify misleading product claims. Consider: Exaggeration vs fraud? Health claims? Fake testimonials? Verifiable claims?","fake product, misleading claim, false advertising, exaggeration, miracle cure, weight loss scam, health fraud, fake review, paid testimonial, before after fake, product scam","misleading advertising, false product claims, fake review, health fraud, miracle cure, deceptive marketing","fake product, misleading claim, false advertising, exaggeration, miracle cure, weight loss scam, health fraud, cure-all, snake oil, fake review, paid testimonial, astroturfing, before after fake, fake transformation, product scam, deceptive marketing, false endorsement, fake celebrity endorsement, counterfeit product, supplement fraud, beauty scam, anti-aging scam, detox scam, pseudoscience product, unverified health claim","misleading advertising, false product claims, fake review content, health fraud promotion, miracle cure claims, deceptive marketing, fake before-after images, fraudulent testimonials, weight loss scam, beauty product fraud, supplement scam, counterfeit product marketing, pseudoscience claims",Block,Gate,Gate,Allow,"{""overall_safety_score"":0}",,"Classify misleading product claims and false advertising. Product reviews allow all. Exaggerated marketing claims gate 13+. False health claims, miracle cures gate 13+. Fake before/after, fraudulent testimonials gate 16+. Look for unverifiable claims, pseudoscience, fake endorsements.","Detect before/after images (check for authenticity), product packaging, fake celebrity endorsements, exaggerated transformation visuals, miracle cure graphics, health fraud markers, counterfeit product indicators.","Detect exaggerated claims language, miracle cure talk, health fraud claims, fake testimonial scripts, false endorsements, unverifiable benefits, pseudoscience terminology, pressure to buy.",GCP Vision API,https://cloud.google.com/vision/docs,Image authenticity + text claim analysis CoreML,"Use image analysis to detect fake before/after (reverse image search, manipulation detection). Text classifier for exaggerated claims, health fraud language. Multi-class: 'honest_review', 'exaggerated_marketing', 'health_fraud', 'fake_testimonial'."
4. Commercial & Deceptive Content,Dark Patterns & Attention Manipulation,"NEW CATEGORY. EDGE CASES: Normal video recommendations (allow all). Autoplay with skip option (allow all). Autoplay without skip, infinite scroll, countdown timers, 'don't skip' pressure (gate 13+, flag pattern). Manipulative UI designed to prevent leaving (gate 13+). PROMPT: Classify dark patterns and attention manipulation tactics. Consider: Autoplay chains? Infinite scroll? Countdown pressure? 'Don't skip' messaging? User autonomy respected?","autoplay, infinite scroll, countdown, limited time, don't skip, urgency, manipulation, dark pattern, addictive design, attention hijacking, endless feed, auto-next, binge watching, can't stop watching, one more video","autoplay video chain, infinite scroll feed, countdown pressure, don't skip message, attention manipulation, addictive design pattern","autoplay, infinite scroll, countdown timer, limited time offer, don't skip, urgency message, manipulation, dark pattern, addictive design, attention hijacking, endless feed, auto-next, binge watching, can't stop watching, one more video, keep watching, next episode countdown, content loop, friction-free consumption, exit prevention, manipulative UI, engagement hacking, dopamine loop, compulsion mechanism, variable reward, endless stream, algorithmic hooking","autoplay video chain, infinite scroll feed, countdown pressure graphic, don't skip message overlay, attention manipulation design, addictive interface pattern, endless content feed, auto-next episode, binge-inducing UI, exit-preventing design, manipulative countdown, friction-free autoplay, engagement hacking interface",Block,Gate,Gate,Allow,"{""overall_safety_score"":0}",,"Classify dark patterns and attention manipulation tactics. Normal recommendations allow all. Autoplay with skip option allows all. Autoplay without skip, infinite scroll, countdown timers, 'don't skip' pressure gate 13+. Manipulative UI preventing exit gates 13+. Flag pattern: rapid autoplay chains, extended infinite scroll sessions.","Detect UI elements: autoplay indicators, infinite scroll feeds, countdown timers, 'don't skip' overlays, 'keep watching' prompts, next episode countdowns, endless content streams. Distinguish user-controlled vs forced engagement mechanics.","Detect urgency language: 'don't skip', 'limited time', 'watch now', 'keep watching', countdown audio cues, binge-watching encouragement, manipulative narration designed to prevent user from leaving.",GCP Vision API for UI element detection,https://cloud.google.com/vision/docs,UI pattern detection CoreML classifier,"Train CoreML vision model to detect dark pattern UI elements: autoplay buttons, countdown overlays, infinite scroll indicators, 'don't skip' messages, exit-preventing UI. Behavioral pattern: flag if user experiences 3+ autoplay chains or 10+ minute infinite scroll session."
4. Commercial & Deceptive Content,Misinformation & Fake News,"EDGE CASES: Satire/parody clearly labeled (allow all). Opinion pieces (allow all). Misleading headlines with accurate body text (gate 13+). Deliberate misinformation, fake news, conspiracy theories (gate 16+). PROMPT: Classify misinformation. Consider: Labeled as satire? Opinion vs fact? Verifiable claims? Sources cited? Conspiracy framing?","fake news, misinformation, disinformation, false claim, conspiracy theory, hoax, propaganda, deepfake, manipulated media, out of context, misleading headline, clickbait, false narrative","fake news article, misinformation content, conspiracy theory, propaganda, manipulated media, false claims, misleading headline","fake news, misinformation, disinformation, false claim, false information, debunked, fact check, conspiracy theory, hoax, propaganda, deepfake, manipulated media, out of context, misleading headline, clickbait, false narrative, rumors, unverified, fabricated, doctored image, fake quote, false attribution, satire, parody, opinion disguised as fact, pseudoscience, anti-vaccine, election fraud claim, COVID misinformation","fake news article, misinformation content, conspiracy theory video, propaganda material, manipulated media content, false claims post, misleading headline article, clickbait, deepfake misinformation, out of context clip, fabricated quote, doctored image, pseudoscience content, anti-vaccine misinformation, election fraud claims",Block,Gate,Gate,Allow,"{""overall_safety_score"":0}",https://www.kaggle.com/datasets/emineyetm/fake-news-detection-datasets,"Classify misinformation, fake news, conspiracy theories. Satire/parody clearly labeled allows all. Opinion pieces allow all. Misleading headlines with accurate body gate 13+. Deliberate misinformation, fake news, conspiracy theories gate 16+. Check for: sources cited, verifiable claims, fact-check labels, satire disclaimers.","Detect fake news visual markers: sensationalized graphics, misleading thumbnails, doctored images, deepfake indicators, conspiracy theory symbols, propaganda imagery, out-of-context visuals. Look for fact-check overlays or satire labels.","Detect misinformation language: false claims, conspiracy narratives, unverified rumors, exaggerated statements, lack of sources, opinion stated as fact, pseudoscience terminology. Distinguish satire/parody tone from deliberate misinformation.",GCP Natural Language API,https://cloud.google.com/natural-language/docs,Fake news detection CoreML text classifier,"Train CoreML text classifier for fake news detection with labels: 'satire', 'opinion', 'misleading_headline', 'deliberate_misinformation'. Check for: sources, verifiability, fact-check mentions, satire markers."
5. Media & Platform-Native Risks,Short-Form Addiction Mechanics,"NEW CATEGORY. EDGE CASES: YouTube Shorts with <10s videos (gate 10+, flag pattern if 5+ in row). TikTok/Reels with sub-10s loop cycles (gate 10+, flag pattern). Normal YouTube videos (allow all). Long-form content (allow all). PROMPT: Classify short-form video mechanics designed for dopamine cycling. Consider: Video length (<10s)? Loop/replay? Autoplay chain? Rapid succession of short content?","TikTok, Reels, Shorts, short-form, vertical video, loop, replay, sub-10s, dopamine hit, quick hit, rapid content, endless feed, viral video, trending sound, short video loop","TikTok video, Instagram Reels, YouTube Shorts, short-form video, vertical video loop, sub-10 second video","TikTok, Reels, Instagram Reels, YouTube Shorts, short-form video, vertical video, loop, replay, autoplay, sub-10s video, under 10 seconds, dopamine hit, quick content, rapid succession, endless feed, viral video, viral trend, trending sound, trend participation, short video loop, binge-watching shorts, rapid content consumption, attention fragmentation, micro-content, snackable video, 5 second video, 7 second video, 9 second video","TikTok video, Instagram Reels content, YouTube Shorts, short-form video loop, vertical video format, sub-10 second video, autoplay short chain, viral trend video, rapid short-form consumption, dopamine-cycling content, endless shorts feed, binge shorts session, micro-content loop, trending sound video",Block,Gate,Gate,Allow,"{""overall_safety_score"":0}",,"Classify short-form video mechanics designed for rapid dopamine cycling. YouTube Shorts/TikTok/Reels with <10s videos gate 10+. Normal YouTube videos allow all. Flag behavioral pattern: if user watches 5+ shorts in rapid succession (under 2 minutes total), or engages in 10+ minute shorts binge session. Focus on dopamine cycling, not content. This pairs with parasocial and dark patterns.","Detect short-form video format: vertical orientation, <10s duration, loop indicators, autoplay to next short, trending sound overlays, viral video markers, short-form UI elements (swipe up/down navigation).","Detect rapid editing, attention-grabbing audio, viral sounds, trending audio, quick cuts, hook language ('wait for it', 'watch till end'), loop-friendly narration designed for replay, binge-encouraging commentary.",GCP Video Intelligence API,https://cloud.google.com/video-intelligence/docs,Video duration + format detection CoreML,"Use video metadata to detect <10s duration, vertical format, loop/replay indicators. Behavioral pattern detection: flag if 5+ shorts in rapid succession or 10+ minute binge session. Multi-signal: video length, format, autoplay, behavioral pattern."
5. Media & Platform-Native Risks,AI-Generated Content,"EDGE CASES: AI-generated art labeled as such (allow all). AI-assisted content with disclosure (allow all). Deepfakes for entertainment labeled as such (gate 13+). Malicious deepfakes, AI impersonation (block <16). Unlabeled AI content (gate 13+). PROMPT: Classify AI-generated content. Consider: Labeled/disclosed? Entertainment vs malicious intent? Deepfake? AI impersonation?","AI, deepfake, synthetic, generated, fake, ChatGPT, AI content, artificial, machine generated, AI-generated, synthetic media, face swap, voice clone, AI art, AI image","deepfake video, AI generated image, synthetic media, fake content, ChatGPT text, artificial content, AI deepfake","AI, deepfake, synthetic, generated, fake, ChatGPT, AI content, artificial, machine generated, AI-generated, synthetic media, face swap, face replacement, voice clone, voice synthesis, AI art, AI image, AI video, text-to-image, stable diffusion, midjourney, DALL-E, GPT, large language model, synthetic voice, deepfake audio, AI impersonation, fake person, non-existent person, AI avatar, digital human, AI influencer","deepfake video, AI generated image, synthetic media content, fake AI content, ChatGPT generated text, artificial content, AI deepfake, face swap video, voice clone audio, AI art creation, unlabeled AI content, malicious deepfake, AI impersonation, synthetic person, AI influencer content",Block,Block,Gate,Allow,"{""overall_safety_score"":0}",https://github.com/saakshigupta/deepfake-detection-dataset,"Classify AI-generated content (deepfakes, synthetic media, AI-generated text/images/videos). Labeled AI art allows all. AI-assisted with disclosure allows all. Deepfakes for entertainment labeled as such gate 13+. Malicious deepfakes, AI impersonation block <16. Unlabeled AI content gate 13+. Look for disclosure, labeling, intent (entertainment vs malicious).","Detect deepfake indicators: face swap artifacts, synthetic face morphing, AI-generated anatomy anomalies, obvious AI visual artifacts (extra fingers, distorted features), AI art style markers. Check for labeling: 'AI-generated', 'deepfake', 'synthetic' disclaimers. Distinguish labeled entertainment from malicious unlabeled deepfakes.","Detect AI-generated speech, synthetic voices, voice cloning, deepfake audio, manipulation indicators. Look for AI voice artifacts: unnatural intonation, robotic quality, voice mismatch. Detect claims of AI content or lack of disclosure.",GCP Natural Language API,https://cloud.google.com/natural-language/docs,Deepfake detection CoreML + text classifier for disclosure,"Use deepfake detection CoreML model to identify synthetic media. Text classifier to detect AI disclosure/labeling. Multi-class: 'labeled_AI_art', 'disclosed_AI_content', 'deepfake_entertainment', 'malicious_deepfake', 'unlabeled_AI'. Combine visual artifacts, audio artifacts, and disclosure signals."
5. Media & Platform-Native Risks,Algorithmic Escalation Pattern,"NEW CATEGORY - BEHAVIORAL. EDGE CASES: User researching diverse topics (allow all). User watching 2-3 videos on same topic (allow all). User watching 5+ videos on same topic with content narrowing (gate 13+, flag pattern). Topic escalation on sensitive subjects (body image, rage, conspiracy) (gate 13+, flag high). PROMPT: Classify algorithmic escalation pattern. This is not content analysis but behavioral pattern: is the same topic narrowing fast? Is content getting more extreme? Assess topic progression, not individual videos.","algorithm, recommendation, rabbit hole, echo chamber, filter bubble, radicalization, escalation, narrowing, obsession, fixation, repetitive content, same topic loop, extreme content progression","algorithmic radicalization, echo chamber, recommendation rabbit hole, content escalation, topic obsession, filter bubble","algorithm, recommendation, rabbit hole, echo chamber, filter bubble, radicalization, escalation, narrowing, obsession, fixation, repetitive content, same topic loop, extreme content progression, topic intensification, content funnel, recommendation loop, algorithmic amplification, progressive extremism, topic tunnel, content deepening, single-subject binge, narrowing interest, algorithmic rabbit hole, recommendation escalation, feed narrowing","algorithmic radicalization pattern, echo chamber effect, recommendation rabbit hole, content escalation detected, topic obsession pattern, filter bubble formation, same topic narrowing, extreme content progression, repetitive subject pattern, algorithmic amplification, single-topic binge, recommendation loop detected",Block,Gate,Gate,Allow,"{""overall_safety_score"":0}",,"NEW CATEGORY - BEHAVIORAL PATTERN DETECTION. Classify algorithmic escalation: same topic narrowing fast with content getting more extreme. Not content analysis, but pattern: user watches 5+ videos on same topic with progressive escalation. Gate 13+ for escalation on neutral topics. Flag HIGH for escalation on sensitive topics: body image, rage content, conspiracy theories, self-harm, finance manipulation. Allow diverse research. This is DEMO-WORTHY for a16z: reframes safety as cognitive autonomy, not content bans.","Track video topics over time. Detect: topic repetition, content narrowing, escalation to more extreme versions of same topic. Not single video analysis—behavioral pattern across feed. Look for progression: 'fitness tips' → 'extreme diet' → 'fasting danger' → 'pro-ana'. Flag if 5+ videos same topic in short time with escalating extremity.","Analyze topic consistency, language escalation, extremity progression over multiple videos. Detect if user hearing same topic repeatedly with narrowing perspectives and amplifying intensity. Topic keywords repeating with escalating modifiers ('diet' → 'extreme diet' → 'dangerous fasting').","Not applicable - behavioral pattern across videos, not single video analysis",NA,Behavioral pattern detection - not CoreML but app-level logic,"App-level behavioral tracker: store recent video topics (last 10-20 videos), detect topic repetition (5+ videos same subject), assess content escalation (language intensity, extremity modifiers, narrowing perspective). Flag sensitive topics: body_image, rage, conspiracy, self-harm, finance. Multi-class pattern: 'diverse_research', 'topic_interest', 'escalating_neutral', 'escalating_sensitive'."
6. Social & Cultural Topics,Identity & Expression,"NEW NAME (was 'Sexual/mature content (sexualities, kissing...)'). EDGE CASES: LGBTQ+ pride, coming out stories, identity support (allow all ages). Romantic kissing in shows/movies (gate 10+). Sexual content beyond kissing (see Explicit Content category). Hate speech against LGBTQ+ (see Discrimination category). PROMPT: Classify identity and expression content. Consider: Supportive vs hateful? Educational? Appropriate for age? Distinguish identity support from sexualization.","LGBTQ, identity, pride, coming out, queer, gay, lesbian, trans, transgender, bisexual, non-binary, gender identity, sexual orientation, questioning, ally, acceptance, inclusion, diversity","LGBTQ+ pride, coming out story, queer identity, identity support, LGBTQ+ education, acceptance content","LGBTQ+, LGBTQ, identity, pride, pride flag, rainbow flag, coming out, coming out story, queer, gay, lesbian, homosexual, trans, transgender, transsexual, gender transition, bisexual, pansexual, asexual, non-binary, genderqueer, genderfluid, gender identity, sexual orientation, questioning, ally, acceptance, inclusion, diversity, LGBTQ+ rights, same-sex relationship, gender expression, pronoun, they them, identity exploration, queer community, LGBTQ+ support","LGBTQ+ pride content, coming out story, queer identity, identity support, same-sex relationship, trans rights, LGBTQ+ education, acceptance content, pride flag, gender identity exploration, pronoun education, LGBTQ+ community, queer support, ally content, diversity and inclusion",Block,Block,Gate,Gate,"{""overall_safety_score"":0}",https://hatespeechdata.com,"Classify LGBTQ+ identity, support, and expression content. Distinguish: identity/support/education (allow all or gate 10+) vs hate speech (block) vs fetishization (gate 16+, see Explicit Content). Pride, coming out stories, identity exploration, education about LGBTQ+ topics should be supportive and age-appropriate. Romantic content without sexual acts gates 10+. Separate from explicit sexual content and hate speech.","Detect pride flags, protests, LGBTQ+ symbols, community events, identity education materials, supportive imagery. Distinguish: supportive content, educational diagrams, pride celebrations vs fetish scenes, hate imagery, discriminatory visuals. Look for supportive framing vs hateful context.","Detect supportive language, identity terms, coming out narratives, acceptance messages, educational explanations. Distinguish: supportive/educational tone vs hate speech (slurs, dehumanizing language) vs fetishization (sexualizing identity). Separate identity discussion from sexual content.",GCP Vision API,https://cloud.google.com/vision/docs,Text-only CoreML classifier for identity/support vs hate vs fetishization,"Use on-device BERT-style CoreML text classifier with labels: 'identity_support', 'education', 'pride_celebration', 'hate_speech', 'fetishization'. Vision optional for symbols/flags. Focus on language tone and framing."
6. Social & Cultural Topics,Self-Harm & Crisis Content,"NEW NAME (was 'Harmful & violent behavior...'). EDGE CASES: Mental health support, recovery content (allow all). Self-harm awareness, suicide prevention (gate 10+). Self-harm methods, suicide ideation without support (block <13). Self-harm glorification (block <16). Crisis resources (allow all). PROMPT: Classify self-harm and crisis content. Consider: Support/recovery vs methods/glorification? Prevention resources? Pro-harm vs anti-harm framing?","self-harm, suicide, cutting, overdose, self-injury, harm, suicidal ideation, crisis, depression, mental health crisis, cutting scars, suicide prevention, crisis support, recovery, self-injury methods","self-harm content, suicide ideation, cutting behavior, overdose risk, self-injury methods, crisis support, recovery content","self-harm, self harm, self injury, self-injury, suicide, suicidal ideation, suicidal thoughts, cutting, cutting scars, self-mutilation, overdose, overdose risk, pills, self-harm methods, suicide methods, crisis, mental health crisis, depression, severe depression, suicidal crisis, suicide prevention, crisis hotline, crisis support, recovery, self-harm recovery, pro-recovery, harm reduction, therapy, counseling, mental health support, suicide hotline, crisis resources, pro-harm, glorification, romanticization","self-harm content, suicide ideation, cutting behavior, self-injury methods, overdose risk, mental health crisis, depression content, suicide prevention resources, crisis support, self-harm recovery, pro-recovery content, crisis hotline info, mental health support, self-harm glorification, pro-harm content, romanticized self-harm, suicide methods discussion",Block,Block,Block,Gate,"{""overall_safety_score"":0}",https://www.kaggle.com/datasets/mrmorj/hate-speech-and-offensive-language-dataset,"Classify self-harm, suicide ideation, methods, and crisis content. Mental health support and recovery content allow all. Self-harm awareness and suicide prevention gate 10+. Self-harm methods and suicide ideation without support block <13. Self-harm glorification blocks <16. Distinguish support/recovery (positive framing, resources) from methods/glorification (detailed how-to, romanticization). Always prioritize crisis resources.","Detect self-harm imagery: cutting scars, self-injury marks, suicide methods visual, weapons in self-harm context. Distinguish support content (recovery stories, awareness campaigns, crisis resources) from glorification (romanticized self-harm, detailed methods, pro-harm imagery). Look for crisis resource overlays, support framing.","Detect self-harm talk, suicide ideation language, methods discussion, crisis language, depression talk. Distinguish support framing (recovery stories, 'you're not alone', crisis resources) from glorification ('beautiful pain', romanticization) or methods (detailed how-to, suicide instructions). Prioritize crisis helpline mentions.",GCP Natural Language API,https://cloud.google.com/natural-language/docs,Text-only CoreML classifier for self-harm support vs glorification,"Use on-device BERT-style CoreML text classifier with labels: 'support_recovery', 'prevention_awareness', 'methods_ideation', 'glorification'. Check for: crisis resources mentions, support framing, recovery language vs methods, romanticization, pro-harm language."
6. Social & Cultural Topics,Religious Content,"EDGE CASES: Comparative religion education (allow all). Religious teachings, sermons (allow all). Religious extremism (see Extremism category). Hate speech toward religion (see Discrimination category). PROMPT: Classify religious content. Consider: Educational vs extremist? Respectful vs hateful? Devotional practice vs recruitment/radicalization?","religion, faith, prayer, worship, sermon, scripture, spiritual, church, mosque, temple, synagogue, religious education, theology, devotion, religious practice, comparative religion","religious sermon, worship service, prayer meeting, scripture reading, faith gathering, religious education, theology lesson","religion, faith, prayer, worship, sermon, scripture, Bible, Quran, Torah, holy book, spiritual, spirituality, church, mosque, temple, synagogue, religious education, theology, devotion, religious practice, comparative religion, interfaith, religious studies, Christianity, Islam, Judaism, Buddhism, Hinduism, Sikhism, religious teachings, faith gathering, worship service, prayer meeting, scripture study, religious ceremony, ritual, religious leader, pastor, imam, rabbi, priest, monk","religious sermon, worship service, prayer meeting, scripture reading, faith gathering, religious education content, theology lesson, comparative religion, interfaith dialogue, devotional content, religious teachings, faith community, religious ceremony, spiritual practice, scripture study",Gate,Allow,Allow,Allow,"{""overall_safety_score"":0}",https://hatespeechdata.com,"Classify religious content: teachings, sermons, scriptures, devotional practice, religious education. Comparative religion education allows all. Devotional and teaching content allows all. Gate 10+ only for content with complex theological discussions. Distinguish: educational/devotional content from extremism (see Extremism category) and from hate speech toward religion (see Discrimination). Respectful multi-faith content is positive.","Detect religious symbols, places of worship, rituals, devotional gatherings, scripture texts, religious leaders, ceremonies. Distinguish devotional/educational context from extremist symbols, hate imagery, or radicalization markers. Look for respectful interfaith content vs intolerant framing.","Detect sermons, prayers, religious talks, scripture recitations, faith discussions, theological education. Distinguish respectful teaching tone from extremist rhetoric, hate speech against other religions, or radicalization messaging. Support comparative religion and interfaith respect.",GCP Natural Language API,https://cloud.google.com/natural-language/docs,Text-only CoreML classifier for religious content vs extremism vs hate,"Use on-device BERT-style CoreML text classifier with labels: 'devotional', 'educational', 'comparative_religion', 'extremism', 'hate_toward_religion'. Focus on tone, respect, educational framing vs radicalization or intolerance."
6. Social & Cultural Topics,Immigration & Migration,"EDGE CASES: Immigration policy discussion (allow all). Refugee crisis reporting (allow all). Xenophobic rants, slurs against immigrants (gate 16+, see Discrimination). Balanced immigration debate (allow all). PROMPT: Classify immigration content. Consider: Policy discussion vs hate speech? Neutral reporting vs xenophobic rants? Educational vs inflammatory?","immigration, migrant, refugee, border, asylum, deportation, immigrant, undocumented, illegal immigration, border control, refugee crisis, migration, citizenship, visa, naturalization","immigration policy, refugee crisis, border control, asylum seeker, migrant camp, immigration debate","immigration, immigration policy, migrant, migrants, refugee, refugees, border, border control, asylum, asylum seeker, deportation, immigrant, undocumented, illegal immigration, illegal immigrant, border security, refugee crisis, migration, mass migration, citizenship, visa, green card, naturalization, displaced persons, human trafficking, border crossing, ICE, immigration enforcement, immigration debate, immigration reform, sanctuary city, DACA","immigration policy discussion, refugee crisis, border control, asylum seeker content, migrant camp, immigration debate, refugee reporting, migration news, deportation coverage, border security discussion, undocumented immigrant topic, immigration reform, citizenship process, human trafficking awareness, immigration enforcement",Gate,Gate,Allow,Allow,"{""overall_safety_score"":0}",https://www.kaggle.com/datasets/emineyetm/fake-news-detection-datasets,"Classify immigration and migration content. Immigration policy discussion, refugee crisis reporting, and balanced immigration debate allow all. Gate 10-13 for complex policy discussions. Xenophobic rants and slurs against immigrants gate 16+ (see Discrimination for hate speech). Distinguish neutral reporting and policy discussion from hate speech, dehumanization, and xenophobia.","Identify border imagery, refugee camps, migration protests, border control visuals, humanitarian imagery. Distinguish neutral reporting and policy visuals from hate symbols, dehumanizing imagery, xenophobic propaganda. Look for balanced framing vs inflammatory visuals.","Detect immigration policy language, refugee crisis discussion, border control talk, migration statistics. Distinguish neutral policy discussion from xenophobic rants, slurs ('illegals', 'invaders'), dehumanizing metaphors, hate speech. Support balanced debate, flag hate speech.",GCP Natural Language API,https://cloud.google.com/natural-language/docs,Text-only CoreML classifier for immigration discussion vs xenophobia,"Use on-device BERT-style CoreML text classifier with labels: 'policy_discussion', 'refugee_reporting', 'balanced_debate', 'xenophobia', 'hate_speech'. Focus on language tone: neutral/educational vs inflammatory/dehumanizing."
6. Social & Cultural Topics,Political & Ideological Content,"NEW NAME (was 'Fringe Topics (Communism)'). EDGE CASES: History education on political systems (allow all). Political science discussion (allow all). Political ideology advocacy (gate 13+). Extremist political organizing, violent revolution calls (see Extremism category). PROMPT: Classify political and ideological content. Consider: Educational vs advocacy? Historical vs contemporary? Extremist organizing?","communism, socialist, ideology, political, revolution, leftist, right-wing, fascism, anarchism, political theory, political system, capitalism, democracy, authoritarianism, totalitarianism, political philosophy","communist content, socialist ideology, political theory, political system education, ideological content","communism, communist, socialist, socialism, ideology, ideological, political, politics, revolution, revolutionary, leftist, left-wing, right-wing, far-right, far-left, fascism, fascist, anarchism, anarchist, political theory, political system, political philosophy, capitalism, capitalist, democracy, democratic, authoritarianism, authoritarian, totalitarianism, totalitarian, Marxism, Marxist, Leninism, Maoism, political organizing, activism, protest, political movement, regime, dictatorship, political education, comparative politics","communist content, socialist ideology, political theory, political system education, ideological content, political philosophy, revolution discussion, left-wing content, right-wing content, political organizing, activism content, protest coverage, political movement, regime analysis, political education, comparative politics",Block,Gate,Gate,Allow,"{""overall_safety_score"":0}",https://www.kaggle.com/datasets/waalbannyantudre/hate-speech-detection-curated-dataset,"Classify political and ideological content. History education and political science discussion allow all. Political ideology advocacy and contemporary political content gate 13+. Extremist political organizing, violent revolution calls, radicalization (see Extremism category). Distinguish neutral historical/academic content from propaganda and extremist recruitment. Support diverse political education.","Detect political symbols, rallies, propaganda posters, militant imagery, political flags, historical political visuals. Distinguish historical education and academic visuals from contemporary propaganda and extremist organizing imagery. Look for educational context vs recruitment framing.","Detect political ideology language, ideological speeches, political theory discussions, revolution talk, activism language, protest chants. Distinguish educational tone and historical discussion from extremist rhetoric, violent revolution calls, radicalization, recruitment. Support political education.",GCP Natural Language API,https://cloud.google.com/natural-language/docs,Text-only CoreML classifier for political education vs extremism,"Use on-device BERT-style CoreML text classifier with labels: 'historical_education', 'political_science', 'ideology_advocacy', 'extremist_organizing'. Focus on: educational framing, historical context, academic tone vs propaganda, recruitment, violence calls."
6. Social & Cultural Topics,Discrimination & Hate Speech,"EDGE CASES: Education about racism/discrimination (allow all). Discussion of slurs in academic context (gate 13+). Use of slurs, hate speech, dehumanization (block <13, gate 13-16). Calls to violence against groups (block <16). PROMPT: Classify discrimination and hate speech. Consider: Educational vs hateful intent? Slurs in context vs as attack? Dehumanizing language? Threats?","hate speech, slur, racism, discrimination, xenophobia, bigotry, racial slur, homophobic slur, transphobic slur, ableist slur, dehumanization, supremacy, white supremacy, Nazi, KKK, hate group, hate crime","hate speech, racial slur, discriminatory language, xenophobic rant, bigoted statement, supremacist content","hate speech, slur, racial slur, n-word, homophobic slur, f-slur, transphobic slur, ableist slur, ethnic slur, racism, racist, discrimination, discriminatory, xenophobia, xenophobic, bigotry, bigot, prejudice, dehumanization, dehumanizing, supremacy, white supremacy, white supremacist, Nazi, neo-Nazi, KKK, Ku Klux Klan, hate group, hate crime, racial hatred, ethnic hatred, religious hatred, anti-Semitism, anti-Semitic, Islamophobia, Islamophobic, homophobia, transphobia, ableism, casteism, colorism, hate symbol, hate rhetoric","hate speech, racial slur, homophobic slur, transphobic slur, discriminatory language, xenophobic rant, bigoted statement, supremacist content, racist content, dehumanizing language, hate group content, hate crime discussion, prejudice content, Nazi content, KKK content, anti-Semitic content, Islamophobic content, hate symbol, hate rhetoric",Block,Block,Gate,Allow,"{""overall_safety_score"":0}",https://www.start.umd.edu/data-tools/profiles-individual-radicalization-united-states-pirus,"Classify hate speech, slurs, discrimination, and bigotry. Education about racism and discrimination allows all. Discussion of slurs in academic context gates 13+. Use of slurs, hate speech, dehumanizing language block <13. Calls to violence against groups block <16. Strongly detect: hate speech, slurs, dehumanizing metaphors, supremacist rhetoric, threats. Support education against hate.","Detect hate symbols, racist posters, graffiti, slur memes, supremacist imagery, hate group logos, Nazi symbols, KKK imagery. Distinguish educational context (history lessons, anti-hate campaigns) from actual hate content. Look for dehumanizing visuals, threatening imagery.","Detect slurs, hate speech, racist language, homophobic slurs, transphobic slurs, xenophobic rants, dehumanizing language, supremacist rhetoric, threats against groups, calls to violence, hate chants. Distinguish educational discussion from hateful use. Support anti-hate education.",GCP Natural Language API,https://cloud.google.com/natural-language/docs,Text-only CoreML classifier for hate speech detection,"Use on-device BERT-style CoreML text classifier with robust hate speech detection. Labels: 'educational_about_hate', 'academic_slur_discussion', 'hate_speech', 'slur_use', 'dehumanization', 'threat'. Focus on: intent, context, dehumanizing language, threats."
6. Social & Cultural Topics,Weapons & Firearms,"EDGE CASES: Historical weapons education (allow all). Firearm safety training (gate 13+). Gun ownership discussion, shooting range content (gate 13+). Weapons tutorials, how-to-build (gate 16+). Weapon violence (see Violence category). Weapons in extremism (see Extremism category). PROMPT: Classify weapons and firearms content. Consider: Educational/safety vs tutorial/build? Historical vs contemporary? Responsible ownership vs threat?","gun, weapon, firearm, explosive, bomb, knife, ammunition, rifle, pistol, handgun, shotgun, assault rifle, automatic weapon, semi-automatic, gun ownership, shooting range, firearms training","firearm discussion, gun ownership, shooting range, weapon tutorial, firearms training, explosive device","gun, weapon, firearm, explosive, bomb, knife, blade, dagger, ammunition, ammo, rifle, pistol, handgun, revolver, shotgun, assault rifle, AR-15, AK-47, automatic weapon, semi-automatic, machine gun, gun ownership, Second Amendment, shooting range, gun safety, firearms training, weapons training, concealed carry, open carry, gun control, gun rights, NRA, explosive device, IED, bomb making, grenade, rocket launcher, missile, weapon tutorial, weapon modification, gun modification","firearm discussion, gun ownership, shooting range, weapon tutorial, firearms training, explosive device, gun safety training, concealed carry, shooting range content, gun control debate, gun rights discussion, weapons training, knife skills, blade content, explosive tutorial, bomb making, weapon modification, gun modification",Block,Block,Gate,Allow,"{""overall_safety_score"":0}",,"Classify firearms, knives, explosives, weapons content. Historical weapons education allows all. Firearm safety training gates 13+. Gun ownership discussion, shooting range, responsible gun content gate 13+. Weapons tutorials, how-to-build, modification gate 16+. Distinguish: educational safety content from tutorials/threats. Weapon violence → Violence category. Weapons in extremism → Extremism category.","Detect guns, knives, explosives, weapons, ammunition, shooting ranges, gun safes, firearms training visuals. Distinguish: safety training, responsible ownership, shooting sports vs tutorials, build guides, modifications, threats. Look for educational safety context vs how-to or criminal context.","Detect weapon talk, firearm discussion, gun ownership, shooting range narration, safety instructions, gun control debate, weapon tutorials, build instructions, modification guides, threat language, weapon-related violence. Distinguish educational safety from threats or tutorials.",GCP Natural Language API,https://cloud.google.com/natural-language/docs,Text-only CoreML classifier for weapons content,"Use on-device BERT-style CoreML text classifier with labels: 'historical_education', 'safety_training', 'ownership_discussion', 'weapons_tutorial', 'threat'. Focus on: educational safety framing vs how-to build or threat context."
6. Social & Cultural Topics,Extremism & Radicalization,"EDGE CASES: Counter-extremism education (allow all). Documentary on terrorism (gate 13+). Extremist propaganda, recruitment (block <13, gate 13-16). Terrorist attack coverage in news (see Fear-Based News). PROMPT: Classify extremism and radicalization content. Consider: Educational vs propaganda? Counter-extremism vs recruitment? News coverage vs glorification?","extremist, terrorist, terrorism, ISIS, Al Qaeda, radical, radicalization, propaganda, recruitment, violent extremism, domestic terrorism, white supremacist terrorism, jihadism, militant, insurgency, terror group","terrorist propaganda, extremist recruitment, radicalization content, terrorist organization, violent extremism, terrorism coverage","extremist, extremism, terrorist, terrorism, ISIS, ISIL, Al Qaeda, al-Qaeda, Taliban, Boko Haram, radical, radicalization, radicalizing, propaganda, recruitment, violent extremism, domestic terrorism, homegrown terrorism, white supremacist terrorism, far-right extremism, jihadism, jihadist, militant, insurgency, insurgent, terror group, terrorist organization, terrorist attack, terror plot, suicide bombing, martyrdom, shahid, caliphate, jihad, holy war, mujahideen, extremist ideology, radicalization pipeline, online radicalization, counter-extremism","terrorist propaganda, extremist recruitment, radicalization content, terrorist organization, violent extremism content, terrorism coverage, extremist ideology, radicalization pipeline, counter-extremism education, terrorism documentary, terrorist attack news, extremist symbols, militant imagery, terror group content, jihadist content, white supremacist terror, domestic terrorism content",Block,Block,Gate,Gate,"{""overall_safety_score"":0}",,"Classify extremist organizations, propaganda, terrorism, and radicalization content. Counter-extremism education allows all. Documentary on terrorism gates 13+. Extremist propaganda and recruitment block <13, gate 13-16. Terrorist attack news coverage → Fear-Based News category. Detect: extremist org names, slogans, narratives, recruitment messaging, radicalization. Support counter-extremism education.","Detect extremist symbols, flags, logos, militant imagery, terrorist group visuals, propaganda materials, recruitment graphics, radicalization visuals. Distinguish: educational/documentary context from actual propaganda and recruitment. Look for counter-extremism framing vs glorification.","Detect extremist org names, terrorist groups, radicalization language, recruitment messaging, propaganda slogans, jihadist rhetoric, violent extremism calls, martyrdom glorification, holy war language. Distinguish: educational discussion and counter-extremism from actual propaganda and recruitment. Support deradicalization content.",GCP Natural Language API,https://cloud.google.com/natural-language/docs,Text-only CoreML classifier for extremism detection,"Use on-device BERT-style CoreML text classifier with labels: 'counter_extremism', 'documentary', 'propaganda', 'recruitment', 'radicalization'. Focus on: educational/documentary framing vs propaganda intent, recruitment language, glorification of violence."
7. Well-Being & Mental Health,Self-Diagnosis & Mental Health Misinformation,"NEW CATEGORY. EDGE CASES: Professional mental health education (allow all). Personal mental health journey/recovery stories (gate 10+). Armchair diagnosis, 'signs you have ADHD/autism/trauma' content from non-professionals (gate 13+). Mental health misinformation, cure claims (gate 16+). PROMPT: Classify self-diagnosis and mental health misinformation. Consider: Professional vs armchair? Educational vs speculative? Evidence-based vs misinformation?","self-diagnosis, mental health, ADHD, autism, trauma, depression, anxiety, disorder, signs you have, do you have, mental illness, self-identify, armchair diagnosis, mental health misinformation, cure claim","self-diagnosis content, armchair diagnosis, mental health misinformation, ADHD TikTok, autism reels, trauma label, signs you have, mental health speculation","self-diagnosis, self diagnose, mental health, ADHD, attention deficit, autism, autistic, ASD, trauma, PTSD, C-PTSD, depression, anxiety, bipolar, borderline personality, BPD, OCD, schizophrenia, narcissist, narcissistic personality, psychopath, sociopath, mental disorder, mental illness, psychiatric disorder, signs you have, do you have, are you, mental health label, self-identify, armchair diagnosis, mental health misinformation, mental health cure, cure ADHD, cure depression, mental health scam, anti-psychiatry, medication skepticism, unqualified mental health advice, mental health speculation, psychological label","self-diagnosis content, armchair diagnosis, mental health misinformation, ADHD TikTok, ADHD signs, autism reels, autism signs, trauma label content, signs you have ADHD, signs you have autism, signs you have trauma, mental health speculation, psychological label content, unqualified mental health advice, mental health cure claims, anti-psychiatry content, medication skepticism, self-identify mental illness",Block,Gate,Gate,Allow,"{""overall_safety_score"":0}",,"NEW CATEGORY. Classify self-diagnosis and mental health misinformation content. Professional mental health education allows all. Personal recovery stories gate 10+. Armchair diagnosis, 'signs you have ADHD/autism/trauma' from non-professionals gate 13+. Mental health misinformation, cure claims, anti-psychiatry gate 16+. Parents worry about this heavily. Distinguish professional education from speculative armchair diagnosis. Flag pattern: if user watches 3+ self-diagnosis videos in short time, flag escalation.","Detect mental health labels in thumbnails, 'signs you have X' graphics, symptom checklists, diagnostic criteria shown by non-professionals. Distinguish professional mental health content (credentials, educational context) from armchair diagnosis (social media speculation, self-diagnosis content). Look for evidence-based vs speculative framing.","Detect mental health talk, diagnostic labels, 'signs you have', self-diagnosis language, symptom discussions, mental health speculation. Distinguish professional expertise (psychologist, psychiatrist, licensed therapist credentials) from armchair diagnosis (non-professionals, social media influencers). Flag misinformation, cure claims, anti-psychiatry rhetoric.",GCP Natural Language API,https://cloud.google.com/natural-language/docs,Text-only CoreML classifier for mental health content credibility,"Use on-device BERT-style CoreML text classifier with labels: 'professional_education', 'personal_recovery', 'armchair_diagnosis', 'mental_health_misinformation'. Check for: professional credentials, evidence-based language, speculative language, cure claims, anti-psychiatry. Behavioral flag: 3+ self-diagnosis videos in short time."
7. Well-Being & Mental Health,Body Image & Eating Concerns,"EDGE CASES: Body positivity, size acceptance (allow all). Nutrition/fitness education (allow all). Diet culture, appearance pressure (gate 13+). Pro-eating disorder content, thinspo, pro-ana (block <16). PROMPT: Classify body image and eating concerns. Consider: Body positive vs appearance pressure? Healthy nutrition vs diet culture? Pro-ED vs recovery?","body image, eating disorder, anorexia, bulimia, binge eating, pro-ana, pro-mia, thinspo, fitspo, diet culture, weight loss, body dysmorphia, fat shaming, body positivity, size acceptance, body neutrality, nutrition, healthy eating, disordered eating","eating disorder content, pro-ana, thinspo, diet culture, body image pressure, body positivity, disordered eating, weight loss obsession","body image, body positivity, body neutral, size acceptance, fat acceptance, eating disorder, ED, anorexia, anorexia nervosa, bulimia, bulimia nervosa, binge eating disorder, BED, ARFID, EDNOS, orthorexia, pro-ana, pro-anorexia, pro-mia, pro-bulimia, thinspo, thinspiration, bonespo, fitspo, fitspiration, meanspo, diet culture, diet, dieting, weight loss, weight loss journey, calorie counting, calorie restriction, fasting, extreme fasting, body dysmorphia, dysmorphia, fat shaming, body shaming, skinny goals, flat stomach, thigh gap, body goals, appearance pressure, beauty standards, unrealistic body, body checking, nutrition, healthy eating, intuitive eating, eating disorder recovery, ED recovery, anti-diet, Health at Every Size, HAES","eating disorder content, pro-ana, pro-anorexia, thinspo, thinspiration, diet culture, body image pressure, weight loss obsession, calorie restriction, extreme dieting, fasting content, body dysmorphia, fat shaming content, body shaming, unrealistic body standards, appearance pressure, body positivity, size acceptance, eating disorder recovery, intuitive eating, healthy nutrition education, anti-diet content, body neutral",Block,Gate,Gate,Allow,"{""overall_safety_score"":0}",,"Classify body image and eating concerns content. Body positivity, size acceptance, nutrition education allow all. Diet culture, appearance pressure gate 13+. Pro-eating disorder (pro-ana, pro-mia, thinspo, meanspo) block <16. Distinguish: body positive, nutrition education, ED recovery from diet culture, appearance pressure, pro-ED. Flag pattern: if user watches 3+ body image pressure or diet culture videos in short time, flag escalation.","Detect body image content: body positive imagery, diverse body types, pro-ED imagery (thinspo, extreme thinness, body checking), diet culture visuals, before/after weight loss, body goals graphics, unrealistic body standards. Distinguish: body positive, size acceptance, healthy nutrition from diet culture, pro-ED, appearance pressure. Look for ED recovery markers vs pro-ED markers.","Detect body image talk, eating disorder language, pro-ana/pro-mia, thinspo language, calorie talk, fasting discussion, diet culture, weight loss obsession, body dysmorphia, appearance pressure, body shaming. Distinguish: body positive, nutrition education, ED recovery from diet culture, pro-ED. Flag pro-ED language, extreme restriction, body checking.",GCP Natural Language API,https://cloud.google.com/natural-language/docs,Text-only CoreML classifier for body image content tone,"Use on-device BERT-style CoreML text classifier with labels: 'body_positive', 'nutrition_education', 'diet_culture', 'pro_ED', 'ED_recovery'. Focus on: body positive language, evidence-based nutrition vs appearance pressure, pro-ED language, extreme restriction. Behavioral flag: 3+ body image pressure videos."
7. Well-Being & Mental Health,Parasocial & Manipulative Content,"NEW CATEGORY - HIGHEST a16z DEMO PRIORITY. EDGE CASES: Celebrity interviews, normal influencer content (allow all). Content with mild emotional connection (gate 10+). Intense parasocial manipulation, cult-of-personality, emotional hooks, donation pressure, 'you're my family' language (gate 13+, flag pattern). PROMPT: Classify parasocial and manipulative content. Consider: Emotional hooks? Urgency language? Donation cues? Cult-of-personality signals? 'You're my family' manipulation? Audience as 'community' with intense emotional dependence?","parasocial, influencer manipulation, cult of personality, emotional hooks, donation pressure, community pressure, you're my family, stan culture, fandom obsession, creator dependency, audience manipulation, urgency language, limited time, exclusive content, insider access, VIP membership","parasocial content, influencer manipulation, cult-of-personality, emotional manipulation, donation pressure, community pressure, fan obsession, creator dependency, audience manipulation, limited access, exclusive content, insider pressure","parasocial, parasocial relationship, influencer manipulation, cult of personality, personality cult, emotional hooks, emotional manipulation, donation pressure, community pressure, you're my family, we're a family, you're not alone, I'm here for you, stan culture, stanning, fandom obsession, fan obsession, creator dependency, audience manipulation, urgency language, limited time offer, exclusive content, insider access, VIP membership, inner circle, early access, member-only, join the community, be part of something, you matter to me, I love you guys, shoutout pressure, donation goal, donation drive, subscriber milestone, subscriber goal, thank you for supporting, you're the reason, loyalty test, true fan, real fan, day one fan, OG fan, superfan, parasocial bond, unhealthy attachment","parasocial content, influencer manipulation, cult-of-personality content, emotional manipulation, donation pressure video, community pressure, you're my family language, stan culture content, fandom obsession, creator dependency, audience manipulation, urgency language content, limited time pressure, exclusive content access, insider access, VIP membership pressure, parasocial relationship cultivation, loyalty test content, donation goal pressure, subscriber milestone manipulation, emotional hooks video, attachment cultivation",Block,Gate,Gate,Allow,"{""overall_safety_score"":0}",,"NEW CATEGORY - HIGHEST a16z DEMO PRIORITY. Classify parasocial and manipulative content. Normal celebrity/influencer content allows all. Mild emotional connection gates 10+. Intense parasocial manipulation, cult-of-personality, emotional hooks, donation pressure, 'you're my family' language gate 13+. Flag pattern: if user watches 3+ videos from same creator with escalating emotional dependency language, flag high. This is DEMO-WORTHY: novel, not moralizing, reframes safety as cognitive autonomy, a16z worries about this but hasn't seen good tooling.","Detect influencer content, donation graphics, subscriber goals, VIP membership graphics, exclusive content markers, 'join the community' visuals, creator close-up (intense eye contact), emotional facial expressions designed to cultivate attachment. Distinguish: normal influencer content from manipulative parasocial cultivation (donation pressure, loyalty tests, emotional dependency language). Look for urgency graphics, limited time offers, insider access pressure.","Detect parasocial language: 'you're my family', 'we're a family', 'I love you guys', 'you matter to me', 'you're not alone', 'I'm here for you', 'true fan', 'day one fan', 'join the community', 'be part of something', urgency language, donation pressure, subscriber milestone talk, loyalty tests, emotional hooks. Distinguish: normal creator-audience rapport from manipulative emotional dependency cultivation. Flag intense emotional language, repeated donation pressure, loyalty tests.",GCP Natural Language API,https://cloud.google.com/natural-language/docs,Text-only CoreML classifier for parasocial manipulation detection,"Use on-device BERT-style CoreML text classifier with labels: 'normal_influencer', 'mild_connection', 'intense_parasocial', 'donation_pressure', 'loyalty_manipulation'. Focus on: emotional hook language, 'family' language, urgency, donation cues, loyalty tests, cult-of-personality signals. Behavioral flag: 3+ videos same creator with escalating emotional dependency, donation pressure. This is KEY DEMO CATEGORY for a16z."
